first_name,last_name,email,gender,country
Dmitri,Foden,dfodenox@alexa.com,Male,France
Mora,McCloughen,mmccloughenoy@google.co.jp,Female,France
Henrik,Antusch,hantuschoz@creativecommons.org,Male,United States
Amy,Charopen,acharopenp0@nydailynews.com,Female,Philippines
Arvie,Verson,aversonp1@blogger.com,Male,Palestinian Territory
Helen,Kelcher,hkelcherp2@rakuten.co.jp,Female,Poland
Obediah,Scurlock,oscurlockp3@163.com,Male,United States
Leonid,Curwood,lcurwoodp4@ask.com,Male,Norway
Zora,Gregorin,zgregorinp5@exblog.jp,Female,Canada
Ibbie,Sweynson,isweynsonp6@aboutads.info,Female,Sweden
Consalve,Meco,cmecop7@npr.org,Male,China
Beatrisa,Rough,broughp8@pbs.org,Female,Sweden
Ambrosio,Lillee,alilleep9@soundcloud.com,Male,Vietnam
Shaw,Belf,sbelfpa@friendfeed.com,Male,Indonesia
Hewitt,Mander,hmanderpb@imdb.com,Male,Brazil
Carena,MacTrustey,cmactrusteypc@spiegel.de,Female,Slovenia
Felicdad,Crocetti,fcrocettipd@a8.net,Female,Italy
Aubrey,Fishpoole,afishpoolepe@dot.gov,Male,Ethiopia
Belle,Prise,bprisepf@linkedin.com,Female,Brazil
Auberon,Ohrtmann,aohrtmannpg@marketwatch.com,Male,China
Fee,Kulas,fkulasph@fastcompany.com,Male,Syria
Wang,Jepensen,wjepensenpi@accuweather.com,Male,Poland
Twyla,Rudolf,trudolfpj@mapquest.com,Female,United States
Danny,Thorald,dthoraldpk@csmonitor.com,Female,Russia
Domenico,Wayland,dwaylandpl@businessinsider.com,Male,Portugal
Juliann,Dungee,jdungeepm@gov.uk,Female,China
Arch,Serrier,aserrierpn@fema.gov,Non-binary,Sweden
Elsey,Budgen,ebudgenpo@apple.com,Female,Tanzania
Franklyn,Crosland,fcroslandpp@house.gov,Male,Indonesia
Petr,O'Henehan,pohenehanpq@dmoz.org,Male,Indonesia
Virgina,Fawloe,vfawloepr@sun.com,Female,Indonesia
Roarke,Rouff,rrouffps@arizona.edu,Male,France
Tibold,Houston,thoustonpt@parallels.com,Male,Japan
Audrey,Treadwell,atreadwellpu@google.pl,Genderqueer,France
Thaddeus,Boram,tborampv@discovery.com,Male,Afghanistan
Desi,Leitche,dleitchepw@huffingtonpost.com,Male,Canada
Ambros,Campsall,acampsallpx@mac.com,Polygender,Macedonia
Averyl,Aharoni,aaharonipy@shutterfly.com,Female,Ukraine
Elwin,Putland,eputlandpz@github.io,Male,Sweden
Sigmund,Girke,sgirkeq0@nps.gov,Male,Peru
Jilli,Daingerfield,jdaingerfieldq1@hatena.ne.jp,Female,Indonesia
Sander,Skillitt,sskillittq2@youtu.be,Male,Russia
Thornton,Amoss,tamossq3@youtube.com,Male,Colombia
Lishe,Ferrelli,lferrelliq4@fotki.com,Female,Slovenia
Kaela,Breeder,kbreederq5@topsy.com,Female,China
Charmian,Willford,cwillfordq6@europa.eu,Female,Palestinian Territory
Tan,Wernher,twernherq7@wordpress.com,Male,Montenegro
Allis,Detheridge,adetheridgeq8@state.gov,Female,Portugal
Collete,Minker,cminkerq9@arstechnica.com,Female,Russia
Carolan,Marquis,cmarquisqa@spotify.com,Female,Thailand
